file,rows,columns,size_kb,source_parquet,description
creators.csv,2000,115,4236.0,app_data/nectar_creators.parquet,"One row per creator: the full feature table plus the presentation fields the product shows (name, city, platforms, rate card)."
campaigns.csv,6,24,2.7,app_data/nectar_campaigns.parquet,"The six showcase campaigns, their budgets, briefs and eligibility policy."
creator_quality.csv,2000,12,380.6,app_data/nectar_creator_quality.parquet,"Creator Quality: the brand-independent score, its seven components, its band and the reason string shown in the product."
organisation_fit.csv,12000,94,23662.1,app_data/nectar_org_fit.parquet,"Organisation Fit: the long-term brand-creator relationship score and its six components, including visual similarity and the three-part brand safety term."
campaign_fit_v2.csv,12000,24,3773.5,app_data/nectar_campaign_fit.parquet,"Campaign Fit: per campaign and creator, the six components, the hard-gate outcome, the block reason where one fired, and the reason string."
audience_quality.csv,1967,5,66.3,app_data/nectar_audience_quality.parquet,"Predicted audience authenticity band and score per creator, with the true inauthentic share the model was scored against."
comment_profile.csv,1967,13,166.7,app_data/nectar_comment_profile.parquet,"Per-creator comment-section profile: sentiment shares, toxicity rate, automation rate, duplication, length. Labels come from classifiers trained on TweetEval, a real human-annotated corpus."
comments_sample.csv,24000,19,3857.3,app_data/nectar_comments_sample.parquet,"24,000 individual comments with their model labels and surface features. SIMULATED text (src/creator_data/comments.py); REAL classifiers."
creator_connections.csv,2000,5,162.6,app_data/nectar_connections.parquet,"Which creators have connected their Instagram account, when, and under which scopes. Connection is SIMULATED."
creator_insights.csv,1221,23,177.1,app_data/nectar_creator_insights.parquet,"Owner-only metrics for connected creators: saves, shares, watch time, dwell, profile visits, follows-from-post, and the full audience age, gender, geography and language split. SIMULATED."
post_insights_sample.csv,20000,15,1645.3,app_data/nectar_post_insights_sample.parquet,"20,000 posts with their owner-only metrics. SIMULATED."
visual_profile.csv,2000,8,111.9,app_data/nectar_visual.parquet,Feed coherence and six readable visual attributes per creator. The encoder is SIMULATED; no image exists.
capability.csv,2000,13,184.6,app_data/nectar_capability.parquet,"Which formats a creator offers, how each performs against their own baseline, their booked window and the notice they need."
interactions.csv,10699,9,431.9,app_data/nectar_interactions.parquet,"The SIMULATED behavioural log: 10,699 brand-creator events across 120 brands, used to train the learned ranker and the collaborative filter."
brand_taste.csv,120,8,6.7,app_data/nectar_brand_taste.parquet,Each brand's idiosyncratic taste weights. Never exposed as a model feature - this is what the collaborative filter has to recover.
creator_attributes.csv,2000,8,131.2,app_data/nectar_creator_attributes.parquet,The percentile attribute matrix both the composite and the brands score against.
cf_scores.csv,7200,3,252.9,app_data/nectar_cf_scores.parquet,Top 60 collaborative-filtering scores per brand.
ranker_scores.csv,10699,5,715.7,app_data/nectar_ranker_scores.parquet,"Out-of-fold scores from the hand-set composite, the learned linear weights and the LambdaRank model, for every logged event."
audio_posts.csv,27981,26,6935.4,app_data/nectar_audio_posts.parquet,"SIMULATED voice track for every video post: valence, arousal, speech rate, pause and music ratio, the audio sentiment label, and whether it disagrees with the caption model. No audio exists (src/nlp/audio_sim.py)."
audio_creators.csv,2000,14,176.7,app_data/nectar_audio_creators.parquet,SIMULATED per-creator voice profile aggregated from audio_posts. Two of its columns feed the content-safety component of the fit composite.
creator_terms.csv,80000,3,2889.4,app_data/nectar_creator_terms.parquet,"The lexical profile behind the typed-brief matcher: the forty heaviest TF-IDF terms for each creator, L2-normalised."
vocabulary.csv,780,3,23.1,app_data/nectar_vocab.parquet,"Every term the typed-brief matcher can recognise, with its document frequency and inverse document frequency."
brand_mentions.csv,12117,5,297.8,app_data/nectar_brand_mentions.parquet,"Which creator mentioned which brand, how often, and whether any of it was a disclosed paid post - the evidence the competitor-conflict veto reads."
campaign_fit.csv,12000,81,21757.7,app_data/nectar_fit.parquet,"Every (campaign, creator) pair with its fit composite, components, safety gates and ranking under each objective."
requests.csv,194,25,40.6,app_data/nectar_requests.parquet,"The request funnel: who was approached for which campaign, at what fee, and how far they got."
messages.csv,305,8,48.2,app_data/nectar_messages.parquet,Negotiation threads attached to requests.
funnel.csv,45,4,0.9,app_data/nectar_funnel.parquet,"Cumulative count of requests reaching each funnel stage, per campaign."
campaign_summary.csv,6,18,1.1,app_data/nectar_campaign_summary.parquet,Campaign-level results including predicted-vs-actual calibration.
creator_performance.csv,64,33,17.9,app_data/nectar_creator_performance.parquet,"Per-creator delivered reach, engagement, cost, CPE and CPR."
creator_history.csv,1417,22,257.2,app_data/nectar_creator_history.parquet,"Past brand approaches per creator, outside the six showcase campaigns."
earnings.csv,2142,3,38.0,app_data/nectar_earnings.parquet,Monthly realised earnings per creator.
category_fit.csv,24000,5,757.2,app_data/nectar_category_fit.parquet,Each creator's brand-fit score against a representative brand in every category.
model_calibration.csv,12,4,0.7,app_data/nectar_calibration.parquet,"Out-of-fold predicted vs actual campaign engagement rate, by brand category."
brands.csv,120,8,12.0,app_data/brands.parquet,"The synthetic brand universe: category, budget, target audience, competitors."
brand_fit_sbert.csv,7200,12,929.8,app_data/brand_fit.parquet,The pipeline's SBERT-scored brand-fit matrix (top 60 creators per brand).
posts_sample.csv,16000,21,4964.2,app_data/posts_sample.parquet,A sample of posts with captions and their per-post NLP labels.
modelling_table.csv,2199,93,2760.8,artifacts/features/modelling_table.parquet,"The table the performance model is trained on: one row per campaign, with the creator's features and the realised campaign outcome."
influencer_features.csv,2000,77,2291.6,artifacts/features/influencer_features.parquet,"The full engineered feature table, before the product layer is applied."
nlp_benchmarks.csv,29,21,34.5,app_data/benchmark_results.parquet,Accuracy and macro-F1 for every NLP method on every human-labelled corpus.
feature_importance.csv,79,3,3.1,app_data/feature_importance.parquet,LightGBM split gain per feature.
feature_shap.csv,79,2,2.9,app_data/feature_shap.parquet,Mean absolute SHAP contribution per feature.
graph_edges.csv,6000,3,157.5,app_data/edges.parquet,The strongest co-behaviour edges between creators.
topics.csv,18,4,2.6,app_data/topics.parquet,BERTopic topics with their top words.
